,AGRICULTURE ,,,,,
,AGRICULTURE MACHINERY EQUIPMENT,,,,,
No.,Company Name,Phone Numbers,Email,Website,Post Number,Location
1,AMIO ENGINEERING INDUSTRIAL & AGRICULTURING MACHINERIS MANUFACTURING PLC,"251114168266
251114165003
251911222641
251911228093
251114168212
","amioengineering1@gmail.com
Agrimachinery2641amio@gmail.com",www.amioengineeringplc.com,25946,
2,"ADAMA AGRICULTURAL MACHINERY
 INDUSTRY","251-221114144
251-221111843
251-221122862
251-221111866
","adamaagri@gmail.com
aami-tractor@yahoo.com",,,
3,"A.L.T AGRICULTURE EQUIPMENT 
 P.L.C","251-118964870
251929905520/21
251-912630427
",,,2075,
4,"ACME ENGINEERING AND
 TRADING PLC","251-116639615
251-911522598
251-911456345
251-116637778
",,,1453,
5,ADEB ENGINEERING AND TRADING PLC,"251-114717500
251-114404578
251-114717602
251-114717600
","adebeng@ethionet.et
nigiru@ethionet.et
nigiru@adebengineering.com",www.adebengineering.com,24162/1000,
6,AGRICULTURAL MECHANIZATION SERVICE ENTERPRISE,"251-115526511
251-115151652
251-115535799
",,,62306,
7,AGRICULTURAL MECHANIZATION,"251-115526511
251-115151652
251-115154303
251-115535799
",,,62306,
8,AGRITEC SYSTEM PLC.,"251-116639240
251-116639345
",agrsy@ethionet.et,,7553,
9,AGRO-VET PRIVATE LIMITED COMPANY,"251-115544749
251-911203849
251-115544730
",agrovetplc1997@gmail.com,,,
10,AKAKI SPARE PARTS & HAND TOOLS S.C,"251-114340422
251-114340919/18
251-114341426
251-114341426
",aspsc@ethionet.et,,7334,
11,"ALMAZ WAKWOYA AND
 FAMILY FOOD COMPLEX PLC
","251-116674884/41
251-113382241/42
251-911203536
251-116674991
251-113384150
",almaz.bijare@gmail.com,www.almazwakwoyaexportimport.com,,
12,"ALT AGRICULTURAL EQUIPMENT 
 PLC","251-118495494/93
251-911253879
251-929905520/21/22
251-911207997
251-114703353
","leulb69@yahoo.com
alt.agricultural@gmail.com",www.altagrimachinery.com,,
13,"AUTHORITY FOR RESEARCH AND
 CONSERVATION OF CULTURAL HERITAGE","251-111540057
251-111540033
","crcch@ethionet.et
arcchpr@gmail.com",www.arcch.gov.et,13247,
14,BEROLE GENERAL TRADING PLC,"251-911685749
251-112590454
",horawordofa@gmail.com,,13424,
15,BIOTECH PVT.LTD.CO,"251-911223892
251-911885596
","biotech_maru@biotechet.com
info@biotechet.com",www.biotechethiopia.com,101601/1000,
16,BIOVET IMPORTS,"251-118547388
251-911114087
",contact.biovet@gmail.com,,,
17,BIZUYE TRADING,"251-115501081
251-911205883
251-115502413
",info@bizuye.com,www.bizuye.com,20140,
18,BRUH TESFA IRIGATION AND WATER TECHNOLOGY PLC,"251-344400452
251-344400453
251-344400467/03
251-342414143
251-344424141/4243
",bruhtesfab@yahoo.com,www.bruhtesfa.com,,
19,BRUH TESFA IRIGATION AND WATER TECHNOLOGY PLC,"251-115502990
251-115157660
",,www.bruhtesfa.com,,
20,DA IMPORT,"251-911110658
251-936626262
251-911922360
251-924116595
",daimporter@gmail.com,www.daimporter.com,,
21,E.A.R PLC,"251-111568989
251-911205114
251-111571343
",,,,
22,EAST AFRICA HOLIDING S.CO,"251-113201263
","aestafrica@holdings.com
",www.eastafricaholding.com,,
23,EKRAM CONSTRACTION AGRICAULTURAL INDUSTRY S.CO,251-113726913,,,,
24,ELECTRO MECCE ENGINEERING SERVICE,"251-114671688/04
251-118357474/75
251-911217132
","electro.2mecce@gmail.com
",www.electromecce.com,,
25,"EQUATORIAL DELTA ENGINEERING & 
TRADE","251-115543790
251-911608837
",edelta2003@gmail.com,,22786,
26,ESFRE TRADING PLC,"251-115577313
251-115577704
251-930109737
251-115585176
","esfertrading@gmail.com
",www.espretrading.com,,
27,ETHIOLIBYAN JOINT AGR. S.CO,"251-115512900
251-115513499
",ealco@ethionet.et,,,
28,"ETHIOPIAN AGRICULTURAL 
BUSINESS CORPORATION","251-114422679
251-114424177
251-114424184
251-114421312
","ethioagriboscom@gmail.com
","ethagribus.gov.et
www.ethioagribosco.com",6898,
29,G.A.C.M.A.S PLC.,"251-114341520
251-114345116
251-911202796
251-114341520
",,,,
30,GASCO TRADING PLC,"251-115513337
251-115531865
251-911201172
251-115514775
","gasco@ethionet.et
","www.gascotrading.org.et
",130032,
31,GEDEB ENGINEERING PLC (GEP),"251-114664261
251-911207218
251-114167939
",ukieew@gmail.com,,,
32,GETACHEW TESFAYE RETA,"251-114431482
251-911209574
",,,62306,
33,GOGGLE TRADING PVT.LTD.CO.,"251-111561400
251-911304297
","goggletrading@gmail.com
",www.goggletradingplc.com,,
34,HAGBES PVT.LTD.CO,"251-116639191
251-116638653/79
","hagbes@hagbes.com
hagbes@ethionet.et
",www.hagbes.com,1044,
35,HORTICAMP AGROM SYSTEMSPLC.,"251-116627961
251-116627965
",horticamp@ethionet.et,,,
36,KALEB SERVICE FARMERS HOUSE PLC,"251-114393650/51/52/53
251-114394838
251-114391459
251-911203360
251-114393674
","tesfayegm@kalebservice.com
info@kalebservice.com
",www.kalebservice.com,9594,
37,LEON’S MERCANTILE PLC,"251-118899067
251-118898602
251-118898577
",infoleonsmercantile@gmail.com,,117/1060,
38,MARKOS PLC,"251-111273319
251-111273312
251-111268085
251-934497911/15/16/08
251-111273318
",destad@markosplc.net,,50964,
39,MENGESHA TRADING AGENCY,"251-114400474
251-114400475
",mayhds@ethionet.et,,,
40,GENERAL MERCANTILE PLC,"251-114197645/46/47/48
251-111568181
251-111551546
251-111567751
251-114197644
251-111551233
","genmerc@gmail.com
",www.genmrec.com,,
,MGK MAKONNEN ETHIOPIA PLC.,"0114342858
0114342929
","mgk@ethionet.et
",www.mgkmakonnwn.com,746,
,NIDOPIA HORTI AGRO TRADING P.L.C.,"0116185577
",,,,
,PYRAMET TRADING PLC,"0116623003
0116627675
0921753131
0911832942
","fitsum@pyramet.com
info@pyramet.com
",www.pyramet.com,,
,QUBA GENERAL TRADING PLC,"0911217929
0911242124
","emranabdullahi@yahoo.com
emranabdullahi@gmail.com
",,9497,
,RANG ENGINEERING PLC,"0115547160
0115546247
0911514093
0911756840
0115546237
","info@rangenginering.com
",www.rangenginering.com,,
,REFARM PLC.,"011-6181688
0913926679
091-4706171
011-6181685
",refarm@ethionet.et,www.refarm.com,170622,
,RIES ENGINEERING S.C.,"0114421133
0114423249
0344406961
0114420667
","resco.sales@ethionet.et
","www.riesethiopia.com
",1116,
,RINNAH THERMAL COMFORT PLC,"0114168600/01
0911200894
0114662505
","info@rinnah.net
",www.rinnah.net,2078,
,T.D.T PLC,"0115546748/50/75
0115546919
",tdt@ethionet.et,,1018/1110,
,TECHNO-MAK PLC.,"011-4391095
011-4391098
",mekonnen@ethionet.et,www.technomarkethiopia.com,,
,ULTIMATE ENGINERRING,"0114668080/81/83
0911225689
0911207300
0114668082
",ultimate@ethionet.et,,2740,
,ULTIMATE MOTORS PVT.LTD.CO,"0114423077/78/79
0114422686
","ultimate-motors@ethionet.et
ultimatemotors@gmail.com",,,
,WAJAG TRADING ETHIOPIAN PLC.,"011-6631663/64
011-6631963
",wajag@ethionet.et,,,
,WISE TEAM PLC,"0111564514
0911607340
0111564521
",team.wise60@gmail.com,,26335/1000,
,WOUBISHET TAMIRU & FRIENDS METAL WORKS PARTNERSHIP,"0911137405
0911109938
",woube.tame@gmail.com,,,
,YASART ENGINEERING PLC,"0114420024
0909921410
0929914820
0114425664
","yasart.engineering@gmail.com
haymanot@yasartengineering.com",www.yasartengineering.com,900/1110,
,AGRICULTURE PRODUCTS AGRO,,,,,
No.,Company Name,Phone Numbers,Email,Website,Post Number,Location
1,DEJEN G/MESKEL IMPORT & EXPORT,"0118658144
0911385471
0912675148
0116457308
","dejubusiness2016@gmail.com
info@dejenexport.com
",www.dejenexport.com,,
2,AMIO ENGINEERING INDUSTRIAL & AGRICULTURING MACHINERIS MANUFACTURING PLC,"0114168266
0114165003
0911222641
911228093
0114168212
","amioengineering1@gmail.com
Agrimachinery2641amio@gmail.com",www.amioengineeringplc.com,25946,
3,HAVA INDUSTRIAL PLC,"0115578687
0911200621
","contact@havaindustrial.com
",www.havaindustrial.com,,
,THEDAY AGRO INDUSTRY PLC,"0116626795
0931086336/26
0993821863
","sales@thedayjam.com
info@thedayjam.com",www.thedayjam.com,,
,ACDI VOCA,"0116620685/86/92
",,,,
,ADAMA DEVELOPMENT AGRICULTURE,"0221227694
",,,,
,ADAMA FOOD PROCESSING COMPLEX PLC.,"0111125213
011-6639581
",tmakonnen@yahoo.com,,,
,AGLUTION AGRICULTURAL TECHNOLOGY PLC,"0911485325
0911122251
",,,,
,AGMAS AGRICULTURAL INVESTMENT ,"0930338948
0113693109
","sales@agmasagri.com
",www.agmas.net,24517,
,AGMAS BUSINESS GROUP,"0118965950
0118965252
0111560056
0111138090
","sales@agmas.net
info@agmasmedical.com
",,24517,
,AGRI SERVICE ETHIOPIA,"0114655515
0114651212
0114654088
","ase@ethionet.et
",www.agriserviceethiopia.org,,
,AGRICULTURAL EQUIPMENT & TECHNICAL SERVICES S.CO (AETS S.CO),"0114424177
0114403610
0114427249
0911218907
0114420895
0114423613
","aetssco@lycos.com
aetse@ethionet.et
agriequip8@ethionet.et
",,5575,
,AGRIPOL INTERNATIONAL CONSULTANCY & TRANING PLC,"0910903952
",agripolinternational@gmail.com,,,
,AGRITEC SYSTEM PLC,"011-6639240
011-6639245
",agrsys@ethionet.et,,7553,
,AGRO-VET PRIVATE LIMITED COMPANY,"0115544749
0911203849
0115544730
",agrovetplc1997@gmail.com,,,
,AGRO PROM INTERNATIONAL PLC,"0116631836
0116631843
091-1223619
011-3361824
","agroprom@ethionet.et
",www.agropromint.com,891/1250,
,AHADU PLC,"116298816/17/18
0911208185
0911648359
0116298819
0114669927
",info@ahadugroup.com,www.ahadugroup.com,100448,
,AL HABASHA SUGER MILLS PLC.,"0114401452
Fax: 0114401451
","al_habasha@ethionet.et
hsm@habashasugar.com",www.habashasugar.com,,
,AL-AMIN GENERAL TRADING PLC.,"0114663269
0911206241
Fax:251-114662417
",alaminplc@ethionet.et,,120543,
,"AMBO-FREMER AGRO INTEFGRATED 
INDUSTRIES PLC.","0116633657
0116627443
",,,,
,ASER DEVELOPMENT PLC,"0114665269
0914303390
0114162549
",mamiyahyu-48@yahoo.com,,100547,
,AWASH AGRICULTURE DEVT ENTERPRISE,"011-5150440
0115504265
",,,,
,BATU AGRO INDUSTRY,"0911211994
0911250067
",batuagro@ethionet.et,,,
,"BIS VEGTABLES & FRUITS AGRO
 INDUSTRY S.C","0118102124
118693638
911518790
911518384
0118704545
",bisvegfruts@gmail.com,www.bis.et.org,388,
,"BIYO AGRICULTURAL DEVELOPMENT 
ENTERPRISE PLC.","0116626821
0116187575
0116510511
0911212936
0113720037
0116626820
",biyo.ager.eth@ethionet.et,,15035,
,BRUHWAY AGRO INDUSTRY,"0116610554/55
",,,,
,BULALA DINKITI AGRICULTURE TRADE & INDUSTRY PLC.,"0114396378/79
0114396377
",bulala@ethionet.et,,13164,
,CAREPCARE TRADING P.L.C,"0911143970
",,,,
,CHILALLO ENTERPRISE PLC.,"0114663201/02
0114663863
091-1148880
0114663202
",chiallo@ethionet.et,,40590,
,CNAF,"0116450077/82/89
",,,,
,COMA IMPORT AND EXPORT PLC,"0111266085
0911516657
0935999130/31
0111266097
","getishabiye@gmail.com
comaexport@gmail.com
",,1970,
,DADOCATED PLC (BERIHUN G/MARIAM),"0118500921
0911216246
0911411518
0118500921
",,,9829,
,"DARMAN FORAGE PRODUCTION AND 
LIVESTOCK TRADING","0116618730
0911406176
0116620051
",arimex2002@hotmail.com,,,
,DEBEREZEIT SWINE FARM,"0114339516
0115507433
0935988271/72/73
",kass.abb@ethionet.et,,,
,DEGAGO AGRO INDUSTRY PLC.,"0115540509
0111555127
0111555278
0911200231
0115540446
",dugdaagr@ethionet.et,,,
,DIRE INDUSTRIES PLC.,"0112756443
0112754236
0911201154
0911201155
011-2752455
","dire@ethionet.et
",www.dire-industries.com,2492,
,EARA-AGRI-LINK PLC.,"011-5509983
0913150134
","agrilink@ethionet.et
info@era-agrilink",www.era-agrlink.com,,
,EAST AFRICAN HOLDING,"0115526460/44
0113201263
0115526435
","info@eastafricanholdings.com
",www.Eastafricanholding.com.et,,
,EKRAM CONSTRUCTION AGRICULTURAL INDUSTRY S.CO,"0113726913
",,,,
,ELFORA AGRO-INDUSTRIES PLC.,"011-6450361
0116450511
","elfora@ethionet.et
",www.midroc-ethiotechgroup.com,2500,
,ERA AGRI-LINK PLC,"0115509983
",agrilink@ethionet.et,www.era-agrilink.com,22927,
,ETHIO ADMAS AGRO INDUSTRY,"0115537951
0115535604
",elaco@ethionet.et,,,
,ETHIO FLORA P.L.C,"0114660980/82/83
0114660980
",bnf2etf@ethionet.et,,602,
,ETHIO LIBYAN JOINT AGR.S.CO,"0115512900
0115513499
",elaco@ethionet.et,,,
,ETHIOAFLAGAT GENERAL BUSINESS SHARE COMPANY (EAGBSC),"0582262898
",aflagat@ethionet.et,,1730,
,ETHIO-AGRI CEFT PLC.,"0116615608
0916615573
0916637782
0116637782
0116615573
",ethioagriceft@ethionet.et,,1006,
,ETHIOPIAN COMMODITY EXCHANGE,"0115547001
0115547010
","info@ecx.com.et
",www.ecx.com.et,,
,ETHIOPIAN GRAIN TRADE ENTERPRISE,"0114653166
0114652436
0910106061
0114655428
",egte@ethionet.et,www.ejte_ethiopia.com,,
,FITAR AFRICA AGRO INDUSTRY,"0912618772
0912052257
",,,,
,FLORA ECO POWER ETHIOPIA PLC.,"0114401319
011-4401029
",abuthyab@ethionet.et,,,
,"FRIENDSHIP AGRO INDUSTRY
","0118952293/94/95/96
0911305835
0911795169
",frebdshipagro@yahoo.com,,,
,GETAHUN MELESE IMPORT EXORT & WHOLESALER,"0116676340/41
0903181884
0930582105
0922600261
0116676282
","info@getahunmeleseimportexport.com
getahunmelese610@gmail.com
",www.getahunmeleseimportexport.com,1085,
,"GEWANE AGRICULTURAL DEVELOPMENT PLC.
","0115524897
0115524594
",gewaneag@ethionet.et,,,
,"GHION AGRICULTURAL AND INDUSTRIAL DEVELOPMENT
","0115520364
",,,,
,GUDER AGRO INDUSTRY PLC.,"0114404321
0114421179
0114421181
0114421183
",gal@ethionet.et,,10487,
,GUGUFTU PLC.,"0118961567
0331114469
0911210179
0111273851
",guguftu@ethionet.et,,,
,GUTS AGRO INDUSTRY PLC,"0114672808/18
0468200103/04
0935980792
0911570843
0114672858
","info@gutsagroindustry.com
",www.gutsagroindustry.com,28733,
,H.B.T.A ORGANIC FOODS PLC,"0118670262
",hbtaethiopia@gmail.com,,,
,HAWAZ TRADING PLC.,"0116189196/97
058-2202688
0911451219
0918768080
",yoni-yodahe@yahoo.com,,,
,JOY TECH,"0116620205
0114436123/30
0116620206
",,,23688,
,"KENISSAN GENERAL 
TRADING PLC","0118501267
",kenisaplc@yahoo.com,,62696,
,"KIDANEMEHIRET GENERAL IMPORTE
 EXPORT AND AGRICULTURAL DEVELOPMENT","0116466293
0911218847
0111569738
",kmgiead@ethionet.et,,8553,
,LONI AGRO INDUSTRY PLC,"0118965711
0115528907
0911218573
0115570550
",,,,
,LOOTAH AGRO INDUSTRIES PLC,"0118602662
",info@lootah.com,www.lootah.com,32172,
,"LUCI AGRICULTURAL DEVELOPMENT PLC
","0114169421/25
0911207601
0114169444
",hadnits@gmail.com,,,
,"MATIWOS ENSERMU INTEGRATED 
AGRICULTURAL WORK","0113720061
",,,,
,MEKIYA ENTERPRISE PLC.,"0115539237
0115534696/99
0112759315/16
0112759318
",,,,
,"METAD AGRICULTURAL
 DEVELOPMENT PLC","0116292534
0116292539
","info@metadplc.com
",www.metadplc.com,,
,"MGK MAKONNEN ETHIOPIA PLC.
","0114342858
0114342929
","mgk@ethionet.et
",www.mgkmakonnwn.com,746,
,"MOHAMMED AWEL AGRICULTURAL 
ENTERPRISE
","0911205172
0112777566
",jafermohammed32@yahoo.com,,23012,
,"MSGZ IMPORT EXPORT AND AGRICULTURAL
 PRODUCTS PRODUCER PLC","0111119837
0911708973
0911204692
0111119846
",munaahimed@yahoo.com,,54468,
,NONO AGRICULTURAL DEVELOPMENT PLC,"0116639244/45
0116639240
",lit@ethionet.et,,,
,NILE DEVELOPMENT AND SERVICES PLC,"0111239557
0111234527
",tewodroszewde@yahoo.com,,,
,"OMOVALLEY AGRO INDUSTRY
","0114422117
0114407503/24
0911387963
0114400175
",amidara@ethionet.et,,182665,
,OROMIYA AGRICULTURAL COOPRATIVES FEDERATION LTD,"0115576182/83/84
0115576180
",oacf@yahoo.com,,,
,PIONEER AGRO INDUSTRY PLC.,"0118608526
0118608524
0116613778
",,,,
,"PLANT TISSUE CULTURE LABORATORY 
PROJECT ","0114417495
0114417491
",tissuecu@ethionet.et,,,
,RANG ENGINEERING PLC,"0115547160
0115546247
0911514093
0911756840
0115546237
","info@rangenginering.com
",www.rangenginering.com,688,
,"RAS DASHEN AGRO INDUSTRY
","0116611578
",,,,
,"
SEGEL AGRICULTURAL DEV. PLC.","0111571866
",siatl@ethionet.et,,,
,"SHAYA ELECTRO MECHANICAL
 TECHNOLOGY PLC.","0118601159
0911693102
0913548721
","info@shayatech.com
",www.shayatech.com,,
,"SIMON ASCHALEW TARIKU & 
THOSE FRIENDS AGRO INDUSTRY","0921316411
",,,,
,SINO-GEWANE FRAM PLC.,"0116623367
0114423381
0116610142
0114424498
",sinogewane@yahoo.com,,3934,
,SPIRULINA AGRO INDUSTRY S.CO,"0116613999
0911602854
0116614006
","spirulina@ethionet.et
",www.spirulinaagroindustry.com,,
,SULULTA AGRO INDUSTRY,"0115540260
0114391681
0115540282
",sulagroindplc@ethionet.et,,25890/1000,
,SUMMIT AGRO INDUSTRY PLC.,"0116604874
0116604872
0911203189
0116604862
",,,2594,
,SUNDAY GENERAL TRADING,"0111565886
0116182675
sundayplc@yahoo.com
",,,,
,TAMRIN /Export/,"251-114431444
251-114431130
251-929167500
251-929167501
251-114431028
121225
tamrinint@gmail.com
info@tamrin.et
www.tamrin.et
",,,,
,TIMRET AGRO INDUSTRY S.C,"251-911771792
251-911800681
",,,,
,"TRIUMPH BUSINESS PLC.

251-911215030
251-911672179
info@triumph-et.com
www.triumph-et.com
",,,,,
,"WAJAG TRADING ETHIOPIAN

251-116631363
251-116-681363
wajah@ethionet.et
",,,,,
,"ZAT AGRI BUSINESS PLC.

251-116639346
251-116639380
zara@ethionet.et
",,,,,
,ANIMAL FEED PRODUCTS,,,,,
No.,Company Name,Phone Numbers,Email,Website,Post Number,Location
,,,,,,
,"AGRO-VET PRIVATE LIMITED COMPANY

251-115544749
251-911203849
251-115544730
agrovetplc1997@gmail.com
",,,,,
,"AKAKI ANIMALS FEED PLANT PLC.

251-114340112
251-114340727  
251-911218710
251-114340728
aafpe@ethionet.et
",,,,,
,"BORA ANIMAL AND POULTRY FEED PROCESSING  251-114334879
251-115519941
",,,,,
,"DARMAN FORAGE PRODUCTION AND LIVESTOCK TRADING

251-116618730
251-911406176
251-116620051
arimex2002@hotmail.com",,,,,
,"FRIENDSHIP AGRO INDUSTRY

251-118952293/94/95/96
251-911305835
251-911795169
frebdshipagro@yahoo.com
",,,,,
,"JORDENIEN FOR DEVELOPMENT ANIMA RESOURCE PLC.

251-116623547
251-116623545
",,,,,
,"KALITI FEED ENTERPRISE

251-114344112
251-114345830
ketyfood@ethionet.et
",,,,,
,"KEBRON FOOD COMPLEX

251-112781418
251-911210379
251-112781462 
bron@ethionet.et
",,,,,
,"REFARM PLC. (Energy Farm)

251-116181688
251-913926679
251-914706171
251-116181685
170622
refarm@ethionet.et
www.refarm.com
",,,,,
,"TAXIDERMY PRODUCERS CO. OPERATIVE SOCIETY

251-112753824
",,,,,
,"UNIVERSAL ANIMAL FEED PRODUCTION & PROCESSING PLC.

251-462204527
",,,,,
,"HAWASSA WISE TEAM PLC

251-111564514
251-911607340
251-111564521
26335/1000
team.wise60@gmail.com
",,,,,
,"YEKABDI AGRO PROCESSING PLC

251-966334367
251-967431635/37 
www.purifiedwater.com
",,,,,
,COFFEE,,,,,
No.,Company Name,Phone Numbers,Email,Website,Post Number,Location
,"ASMA INTERNATIONAL BUSINESS PLC

251118360326
251930100478
asmainttrading@gmail.com
",,,,,
,"DIAMOND ENTERPRISE PLC

251116292614
251930014502
251911414037
1082/1110
dehabcf@gmail.com
www.dehabcoffee.com
",,,,,
,"HADERO COFFEE

251116670708
251901666768
251904666699
110778
info@hadero.com
www.hadero.com
",,,,,
,"HELEPH EXPORT OF COFFEE 

 251911376596
info@helephcoffee.com
www.helephcoffee.com
",,,,,
,"HAVA INDUSTRIAL PLC 
 251115578687   
 251911200621   
 contact@havaindustrial.com    www.havaindustrial.com
",,,,,
,"SPECIAL COFFEE TRADING PLC

251116683606
251911250569
251912358429
andebet@specialcoffeeet.com
www.specialcoffeeet.com
",,,,,
,"A.S.K. INTERNATIONAL TRADING PLC

251-114392437
251-114391588
251-114390353
19374
askite@ethionet.et
",,,,,
,"A.T.L TRADING

251-114403424
251-911207963
251-114431848
123576
",,,,,
,"ADULINA COFFEE EXPORTER PLC.

251-114425938
251-114426020
251-911208361
251-116461729
12791
adulinatraffic@gmail.com
adulinacoffee@yahoo.com
www.adulinacoffee.com
",,,,,
,"ALFOZ PLC

251-114390328
251-114390329
251-911201017
251-114392811
13732
ralfoz@ethionet.et
",,,,,
,"ALMAZ ZELEKE COFFEE EXPORTER

251-116297840
251-911406649
251-116298224
azcoffee@ethionet.et
www.aztcoffee.com
",,,,,
,"AMBASSA ENTERPRISE PLC.

251-114167221
251-114666147
251-114655314
251-911207034
251-114654888
ambassa@ethionet.et
",,,,,
,"ANIS COFFE PLC

251-115513485
251-114654383
",,,,,
,"ARSI AGRICULTURAL DEVELOPMENT ENTERPRISE

251-223311261
251-223311208
115Assela
arsiagri@ethuonet.et
www.arsiagri-enterprise.gov.et
",,,,,
,"B.I.T.T PLC

251-116182109
251-116180413
251-116620827
scorpiobagersr@yahoo.com
",,,,,
,"BENCH MAJI FOREST COFFEE PRODUCER

251-473351331
251-114707044
251-917153015
251-473351328
251MizanTeferi
benchmajifufu@gmail.com
www.ethiopianforestcoffee.com
",,,,,
,"BERHAN AGRICULTURAL & COMMERCIAL PLC.

251-115522809
251-113206482
251-911235606
251-911617854
251-113206481
251-113206482
8918
beragri2@ethionet.et
",,,,,
,"BNT INDUSTRY & TRADING PLC

251-115580002
251-911214063
251-911214893
251-115581168
teddy@bntcoffee.com
bire@bntcoffee.com
www.bntcoffee.com
",,,,,
,"CABEY PLC

251-114671696
251-114671698
251-911209288
18192
cabeyplc@gmail.com
www.cabeyplc.com
",,,,,
,"COFFEE ABYSSINIA

251-5512274
251-115531143
coffeeabysinia@ethionet.et
",,,,,
,"COFFEE PLANTATION DEVELOPMENT ENTERPRISE

251-114670688
251-114663363/64
251-114168788
251-114168137
251-114160179
4363
",,,,,
,"COFFEE PROCESSING AND WAREHOUSE ENTERPRISE

251-114421238
251-114431861
251-114423722
",,,,,
,"DEGEFA SIME FRIGHT TRANSPORT & COFFEE DISTRIBUTER

251-115529730
251-911208951
251-115529753
",,,,,
,"ETHIO AGRI-CEFT PLC

251-113690317/68/84
251-113690350
info@ethioagriceft.com
www.ethioagriceft.com
",,,,,
,"ETHIO ROOT INTERNATIONAL PLC

251-115517019
251-911245037
251-115547754
ethioroot@yahoo.com
",,,,,
,"ETHIO-HARAR COFFEE

251-114654581
",,,,,
,"ETHIOPIAN COFFEE FOREST FORUM

251-115151694
251-115151684
twgole@ethionet.et
www.ecff.org.et
",,,,,
,"ETHIOPIAN COMMODITIES PLC.

251-115517637
251-115517906
251-114665037
251-115517222
et.comm@ethionet.et
",,,,,
,"FMS TRADING PLC

251-114713214
251-930414243
251-903060708
251-114713524
81/1060
fmstradingplc@gmail.com
www.fmstradingplc.com
",,,,,
,"GARANTI COFFEE ROASTING GRINDING & PACKAGING

251-118500907
331/1250
turkisheexport@hotmail.com
",,,,,
,"GEMADRO COFFEE

251-116637781
251-116615608
",,,,,
,"GETAHUN MELESE IMPORT EXORT & WHOLESALER

251-116676340
251-116676341
251903181884
251-930582105
251-922600261
251-116676282
1085
info@getahunmeleseimportexport.com
getahunmelese610@gmail.com
www.getahunmeleseimportexport.com
",,,,,
,"GREAT ABYSSINIA PLC

251-118605266
251-116673952
33136
www.greatabyssina.com
",,,,,
,"GREAT LAND MOTORS AND ENGINEERING P.L.C

251-116622256
251-936011131
251-116613909
greatlandm@gmail.com
greatlandmotors.com
",,,,,
,"HORIZON PLANTATIONS PLC

251-113698029
251-113698100
6049
info@horizonplantione.com
www.horizonplantione.com
",,,,,
,"HORRA TRADING

251-114199668
251-114199667
251-911234855
251-911206174
251-114199670
horratrade@ethionet.et
horracoffee@gmail.com
www.horracoffe.com
",,,,,
,"HUNDA INTERNATIONAL PLC.

251-116635056
251-116635057
birukde2000@yahoo.com
",,,,,
,"IBRAHIM HUSSEIN COFFEE EXPORTER

251-114392533
251-116620644
251-11439234
251-116620375
711/1110
ibrahim7@ethionet.et
ibrahim_hussien_exporter@yahoo.com
",,,,,
,"JEBENA BUNA GENERAL TRADING PLC.

251-116607210/11
251-911717273
251-116607211
29061
jebena@ethionet.et
",,,,,
,"KAFA FOREST COFFEE FARMERS COOPER UNION

251-114162673
251-114162675
587/1250
kafaforestcoffee@ethionet.et
",,,,,
,"KATA MUDUGA MULTI-PURPOSE FARMER’S COOPERATIVE UNION

251-985289524
251-913837063
anigat@katamuducoffee.com
ekebede@katamudugacoffee.com
coop@katamudugacoffee.com
www.ketamudugacoffee.com
",,,,,
,"KERCHANSHE TRADING PLC

251-113716370
251-911212436
251-113727951
info@kerchanse.com
www.kerchanshe.com
",,,,,
,"KURU ETHIOPIA COFFEE DEVELOPMENT P.L.C

251-114160909
",,,,,
,"LATA AGRI EXPORT

251-115540398
251-115540395
14291
altaexport@ethionet.et
www.coffeelata.com
",,,,,
,"LEGESSE SHEREFAPLC IMPORT AND EXPORT

251-112766486
251-112752043
251-114393647
251-911205138
251-911506057
251-112763127
251-114390125
legesses@gmail.com
",,,,,
,"LEM-KEFFA COFFEE & SPICES AGRO INDUSTRY PLC

251-115150547
251-115547678/79
251-115547758
251-115150547
101101
lemkeffa@gmail.com

",,,,,
,"LH AGRO INDUSTRY PLC.

251-115511311
251-115516486
251-911230619
251-115511317
1418/1110
Ih.orgcoffee@ethionet.et
",,,,,
,"LIMMU COFFEE FARM

251-471110199
",,,,,
,"MALEDA SUNRISE ENTERPRISE AND COFFE HOUSE

251-111221957
251-111553125
28277/1000
maledaco@ethionet.et
",,,,,
,"MECHATU TRADING S.C

251-115577161
251-118279825
251-911514656
251-930412441
251-115577173
mechatutradings.c@yahoo.com
www.mechatu.com
",,,,,
,"METAD AGRICULTURAL DEVELOPMENT PLC

251-116292534
251-116292539
info@metadplc.com
www.metadplc.com
",,,,,
,"MOPLACO TRADING CO.LTD.

251-116455999
251-116456002/03/08
251-911200186
251-116456011
251-116456012
moplaco@ethionet.et
www.mopacomocca.com
",,,,,
,"MOREDOCOFE PLC

251-114717112
251-114717126
251-911490384
251-114717115
info@moredocofe.com
www.moredocofe.com
",,,,,
,"MORMORA COFFEE PLANTATION PLC

251-911701663
ywodesa@yahoo.com
",,,,,
,"MULLEGE COFFEE EXPORTER PLC

251-114425937/38
251-911208361
251-114425947
12791
mullegecoffe@ethionet.et
www.mullwgw.com
",,,,,
,"NARDOS COFFEE EXPORT

251-114667545
251-911202761
251-911232190
251-114667546
2577
nardoscoffee1@gmail.com
www.nardoscoffeeexport.com
",,,,,
,"OLKAI COFFEE EXPORT

251-118342577
251-912614263
251-926421580
251-113832125
olkaicoffee@gmail.com
www.olkaicoffee.com
",,,,,
,"OMO VALLEY AGRO INDUSTRY PLC.

251-114407524
251-114407523
251-114400175
2468/1250
amibara@ethionet.et
www.amibara.com
",,,,,
,"ORGANIC COFFEE

251-116621186
251-911208169
efewshfeyclu@yahoo.com
",,,,,
,"OROMIA COFFEE FARMERS COOPERATIVE UNION (OCFCU)

251-114450488
251-116655094
251-114450490
1394/1110
cofunion@ethionet.et
www.oromiacoffeeunion.org
",,,,,
,"PAUL RIES & SONS (ETH) LTD

251-111550233
251-111553009
251-911709419
251-111551278
paulries@ethionet.et
manianand256@gmail.com
",,,,,
,"S.J MAGDALINOS PLC

251-111112419
251-111550050
251-113713915
251-111558572
251-111550310
243
s.j.magdalions@ethionet.et
",,,,,
,"S.SARA COFFEE EXPORTER ENTERPRISE

251-114704335/59/69/74
251-114704376
5661
saracoffee@ethionet.et
saracoffee@gmail.com
www.saracoffee.com
",,,,,
,"SABEKAME COFFEE EXPORT

251-112703564
251-911516842
251-911599493
info@sabekamecoffee.com
www.sabekamecoffee.com
",,,,,
,"SEID YASSIN PLC

251-115525255
251-115522246
251-911205796
251-911205018
251-115526233
s.y.a.c.e@ethionet.et
www.saidplc.com
",,,,,
,"SIDAMA COFFEE

251-114407165
251-911247326
251-114407166
sidcoo@yahoo.com
www.sidama.com
",,,,,
,"SMS PLC.

251-114422924
251114400220
251-911207075
251-114431470
sms@ethionet.et
",,,,,
,"SOFOMER COFFEE

251-111566496
vip@ethionet.et
",,,,,
,"STANDBY GENERAL TRADINING PLC.

251-911204151
251-115505948
",,,,,
,"SUN LIGHT MOON TRADING PLC

251-116676340/41
251-903181884
251-930582105
251-922600261
251-116676282
1082
sunlightmoontrading@gmail.com
www.sunlightmoontrading.com
",,,,,
,"TADE GG HIGHLAND FOREST COFFEE PRODUCER PLC

251-114670966
251-911476127
251-114670913
tesfayebge@gmail.com
",,,,,
,"TAMRIN /EXPORT/

251-114431444
251-114431130
251-929167500/01
251-114431028
121225
tamrinint@gmail.com
info@tamrin.et
www.tamrin.et
",,,,,
,"TECHNO HOUSE TRADING ENTERPRISE

251-116292403
",,,,,
,"TEPI GREEN COFFEE ESTATE S.C

251-114420770
251-114421633
251-114424801/02
251-911213557
251-114421633
13936
greeencoffees@yahoo.com
",,,,,
,"TEWODROS YESHIWAS GENERAL IMPORT & EXPORT

251-11-6457015
251-116458085
251-911207624
251-116458085
251-115517499
18745
teddyyes@ethionet.et
",,,,,
,"TOMOCA COFFEE PLC.

251-111111781/83/85
251-111111859
24615
contact@tomocacoffee.com
www.tomocacoffee.com
",,,,,
,"TRACON TRADING PLC

251-111262004/06/37/73
251-911205009
251-112773221
2243code1250
tracon.coffee@gmail.com
www.tracontrading.com
",,,,,
,"WELASHA TRADING PLC

251-911211089
251-929439233
info@buno-mc.com
Belay_welasha@yahoo.com
www.buno-mc.com
www.coffeewelasha.com
",,,,,
,"YINA INDUSTRIAL ENGINEERING & INTERNATIONAL TRADING PLC

251-116926366
251-116926020
251-972937000
251-955434904
251-911202383
251-116926366
16749
nacramabi@gmail.com
info@yinaindustrial.com
www.yinaindustrial.com
",,,,,
,"YIRGACHEFFE COFFEE FARMERS COOPERATIVE UNION (YCFCU)LID

251-114717017/18/19
251-911210468
251-114717010
yirgacheffe@ethio.et
yirgacheffeunion@gmail.com
www.yirgacheffeeunion.com
",,,,,
,COTTON,,,,,
No.,Company Name,Phone Numbers,Email,Website,Post Number,Location
,"AD GENERAL ELECTRONIC SERVICE PLC.

251-126632490
251-114670097
251-116642490
demislakew@gmail.com
adelect@ethionet.et
",,,,,
,"AFRICA PLC

251-221114231
251-221113929
251-112781228
251-221115463
251-112781228
africa@ethionet.et
",,,,,
,"AMIBARA AGRICULTURAL DEVELOPMENT PLC.

251-114407524
251-114407503
251-114400175
182665
amibara@ethionet.et
www.amibara.com
",,,,,
,"BARGUBA TRADING PLC.

251-114450023/24/27/29/30
251-114450236
50295
barguba@ethionet.et
",,,,,
,"DANA TRADING PLC.

251-116464510
251-116456406
dana_t_r@hotmail.com
",,,,,
,"DERRY KEBEDE BUSINESS PLC

251-114169421/25
251-914727458
",,,,,
,"FRESELAM PLC

251-116624395
251-911507338
251-911241010
251-911507337
22206/1000
freselam@ethionet.et
",,,,,
,"GEWANE AGRICULTURAL DEVELOPMENT PLC.

251-115524897
251-115524594
gewaneag@ethionet.et
",,,,,
,"GRAM IMPORT EXPORT & COMMISSION AGENT

251-115533514
251-911201593
251-115511073
13387
marg@ethionet.et
",,,,,
,"HIWOT AGRICLUTURE MECHANIZATION PLC.

251-344481120/21
251-344480653
251-115152838
251-115538143
251-911201910
251-115534588
101577
hiwotagr@ethionet.et
",,,,,
,"KIBIR ENTERPRISES PLC.

251-115520575
251-115525029
251-112842186
251-911214998
251-115520677
kehirez@ethionet.et
",,,,,
,"LOYAL TIRET COTTON FARMING AND GINNING FACTORY

251-582206947
251-582204551
1199BahirDar
loyaltiret@gmail.com
",,,,,
,"LUCI AGRICULTURAL DEVELOPMENT PLC

251-114169421/25
251-911207601
251-114169444
hadnits@gmail.com
",,,,,
,"MIDDLE AWASH AGRICLUTURAL DEVELOPMENT ENTERPRISE

251-115525606
251-111224588/92
251-221114593
251-115507317
mawashe@ethionet.et
",,,,,
,"NEIMETELLAH AGRICULTURE DEVELOPMENT ENTERPRISE

251-115580027
251-115580008
12306
indrisali@yahoo.com
",,,,,
,"NIGUSU MULUGETA ABEBE

251-111573729
251-114663505
251-911201180
24711/1000
",,,,,
,"OMO VALLEY AGRO INDUSTRY PLC.

251-114407523/24
251-114400175
2468/1250
amibara@ethionet.et
www.amibara.com
",,,,,
,"PIONEER AGRO INDUSTRY PLC.

251-118608524/26
251-116613778
",,,,,
,"SINO-GEWANE FRAM PLC.

251-116623367
251-114423381
251-116610142
251-114424498
sinogewane@yahoo.com
",,,,,
,"SISAY TESFAYE AGRICULTURAL

251-114670461
251-114671323
",,,,,
,"TENDAHO AGRICULTURAL DEVELOPMENT S.C

251-335560008
251335560026
251-911228243
251-335560009
49
tendaho@ethionet.et
",,,,,
,"WONDO TRADING AND INVESTMENT PLC

251-115521009
251-115521457/58
251-462203991
251-462209023/25/26
251-911504771
251-115513654
251-462204684
128Hawassa
9515AddisAbaba
wondo.trading@ethionet.et
wondo.ftra@ethionet.et
",,,,,
,DAIRY PRODUCTS FATTENING,,,,,
,,,,,,
,"A/Z TRADING & SERVICES PLC.

251-1155518047
251-115517774
",,,,,
,"AGRO-VET PRIVATE LIMITED COMPANY

251-115544749
251-911203849
251-115544730
agrovetplc1997@gmail.com
",,,,,
,"ALPPIS LIVESTOCK DEVELOPMENT

251-114667599
251-933037313
251-911442671
alppisethiopia@yahoo.co
emiruz@yahoo.com
",,,,,
,"ASER DEVELOPMENT PLC

251-114665269
251-914303390
251-114162549
100547
mamiyahyu-48@yahoo.com
",,,,,
,"BIS VEGTABLES & FRUITS AGRO INDUSTRY S.C

251-118102124
251-118693638
251-911518790
251-911518384
251-118704545
388
bisvegfruts@gmail.com
www.bis.et.org
",,,,,
,"BORA MILK (YADANE AYANA INTEGRATED FARM)

251-116554860
251-911039143
",,,,,
,"BULALA DINKITI AGRICLUTUR TRADE & INDUSTRY PLC.

251-114396378
251-114396379
251-114396377
13164
bulala@ethionet.et
",,,,,
,"DAIRY DEVELOPMENT ENTERPRISE

251-116460058/59/91
251-911225123
251-116620051
dde@ethionet.et
",,,,,
,"DARMAN FORAGE PRODUCTION AND LIVESTOCK TRADING

251-116618730
251-911406176
251-116620051
arimex2002@hotmail.com
",,,,,
,"ELEMTU INTEGRATED MILK INDUSTRY SHARE COMPANY

251-115511799
251-118698801
251-115539854
elemtu@ethionet.et
www.elemtu.com
",,,,,
,"ELFORA AGRO INDUSTRIES PLC.

251-116450361
251-116450511
elfora@ethionet.et
www.midroc-ethiotechgroup.com
",,,,,
,"ETETE MILK

251-924444040
251-910170275
",,,,,
,"ETHIOAFLAGAT GENERAL BUSINESS SHARE COMPANY (EAGBSC)

251-582262898
1730
aflagat@ethionet.et
",,,,,
,"FAMILY MILK

251-114197421
251-911707112
",,,,,
,"HIBRET DAIRY PRODUCERS MARKETING COOPERATIVE

251-114342169
251-911667284
awendmeneh@yahoo.com
",,,,,
,"HUMANA MILK

251-912617903
",,,,,
,"LA BACA AGROINDUSTRY S.C

251-116629901
251-911940294
",,,,,
,"LAME DAIRY PLC

251-116460058
251-116460062
251-116460092
2002
lamedairy@gmail.com
",,,,,
,"LONI AGRO INDUSTRY PLC

251-118965711
251-115528907
251-911218573
251-115570550
23322/1000
",,,,,
,"M.B PLC.

251-114197421/23/24
251-911805530
251-114197422
2017/1250
brukeme@yahoo.com
",,,,,
,"OMO VALLEY AGRO INDUSTRY PLC.

251-114407523/24
251-114400175
2468/1250
amibara@ethionet.et
www.amibara.com
",,,,,
,"ROHOBOT FARM

251-118101549
251-911731559
251-911947496
rohobotfarme@yahoo.com
",,,,,
,"SEBETA AGRO INDUSTRY PLC

251-113384105/07
251-116616777
251-911219350
251-116631157
2355
",,,,,
,"SELALE DAIRY COOPERATIVE UNION

251-118333096
251-118333107
251-911894075
sinuhailu@gmail.com
selalemilk@gmail.com
sdcumilk@ethionet.et
",,,,,
,"SUMMIT AGRO INDUSTRY PLC.

251-116604872/74
251-911203189
251-116604862
2594
",,,,,
,"WISE TEAM PLC

251-111564514
251-911607340
251-111564521
26335/1000
team.wise60@gmail.com
",,,,,
,"WOJET TRADING

251-116523969
251-462203991
251-911129798
12323
lezatraders@ethionet.et
",,,,,
,"YEKABDI AGRO PROCESSING PLC

251-966334367
251-967431635/37
186284
www.wowpurifiedwater.com
",,,,,
,FERTILIZERS AGRO CHEMICALS,,,,,
,,,,,,
,"JIGRA INTERNATIONAL BUSINESS PLC

251930848484
251904929292
251904484848
251911526540/41/42
jigrachem@gmail.com
Jigra2001@gmail.com
",,,,,
,"ABADAYU INDUSTRIAL AND AGRICULTURE PLC

251-116394322
251-911302693
251-911643826
251-116639433
54831
abadayuia2011@gmail.com
adadayu@ethionet
",,,,,
,"AGAD ENGINEERING TRADE ENTERPRISE

251-114669810
251-114169800
251-911507286
251-911209850
251-114669809
ethhagetco@ethionet.et
",,,,,
,"AGRICULTURAL INPUT SUPPLY ENTERPRISE

251-114425623/29/36
251-911219446
251-9111211797
251-114425622
aiso@ethionet.et
",,,,,
,"AGRISHER TRADING PLC

251-116186015
251-911228517
251-935401520
251-116631300
info@agrishertrading.com
",,,,,
,"AMBASEL TRADING HOUSE PLC

251-114666106/45
251-114666374
251-114666257
251-114666833
12617
www.ambaseltrading.et
",,,,,
,"AMBASEL TRADING HOUSE PLC

251-581140794
251-581140393
251-581140828
159Gondar
ambaseltrading@ethionet.et
ambaselt@ethionet.et
www.ambaseltrading.et
",,,,,
,"AMBASEL TRADING HOUSE PLC

251-582222187
251-582221771
251-582221769
379BahirDar
www.ambaseltrading.et
",,,,,
,"AMBASEL TRADING HOUSE PLC

251-331112766
251-331114311
251-331116527
489Dessie
www.ambaseltrading.et
",,,,,
,"AMBASEL TRADING HOUSE PLC

251-221119567
251-221195666
www.ambaseltrading.et
",,,,,
,"AUTHORITY FOR RESEARCH AND CONSERVATION OF CULTURAL HERITAGE

251-111540057/33
13247
crcch@ethionet.et
www.arcch.gov.et
",,,,,
,"BIOTECH PVT.LTD.CO

251-911223892
251-911885596
101601/1000
biotech_maru@biotechet.com
info@biotechet.com
www.biotechethiopia.com
",,,,,
,"BIOVET IMPORTS

251-118547388
251-911114087
contact.biovet@gmail.com
",,,,,
,"CHEMTEX PLC

251-115532033
251-115519557
251-115534380/81
251-911201600
251-115517453
chemtex@ethionet.et
www.chemtexplc.com
",,,,,
,"DA IMPORT

251-911110658
251-936626262
251-911922360
251-924116595
daimporter@gmail.com
www.daimporter.com
",,,,,
,"DINSHO WHOLESALE TRADING PLC.

251-115533416/17
251-112751275
251-911406802
251-115527555
12674
",,,,,
,"E.A.R PLC.

251-111568989
251-911205114
251-111571343
ear.zuse.plc@ethionet.et
",,,,,
,"ENOCK PLC.

251-111560487
251-115547385
251-911560485
251-111560485
40040
enockplc@gmail.com
",,,,,
,"ETHIOPIAN AGRICULTURAL BUSINESSES CORPORATION

251-114422679
251-114424177
251-114424184
251-114421312
6898
ethagribus.gov.et
ethioagriboscom@gmail.com
www.ethioagribosco.com
",,,,,
,"FS PLC

251-113206230
251-113691114
251-113691084
fulassafsplc@gmail.com
",,,,,
,"KALEB SERVICE FARMERS HOUSE PLC

251-114393653
251-114394838
251-114393650/51/52
251-114391459
251-911203360
251-114393674
9594
tesfayegm@kalebservice.com
info@kalebservice.com
www.kalebservice.com
",,,,,
,"MAKOBU ENTERPRISES PLC

251-114655464
251-114660805
251-922451070
251-935987192
251-114655466
40391
makobu@ethionet.et
www.makkbuenterprises.com
",,,,,
,"MARKOS PLC

251-111273319/12
251-111268085
251-934497911/15/16
251-111273318
50964
destad@markosplc.net
",,,,,
,"NATIONAL FERTILIZER MANUFACTURING PLC.

251-114662998
251-911101202
251-114663001
",,,,,
,"OLIVE AGRICULTURAL SOLUTION PLC.

251-115521009
251-115521458
251-911544771
251-115513654
9515
wondo.ftra@ethionet.et
wodo.tading@ethionet.et
",,,,,
,"PHARME CHEMICAL ENTERPRISE IMPORTER

251-116185442
251-924307668
251-116185445
pharmatropical@gmail.com
",,,,,
,"RANG ENGINEERING PLC

251-115547160
251-911514093
251-911756840
251-115546237
688
info@rangenginering.com
www.rangenginering.com
",,,,,
,"SYNGENTA AGRO SERVICE

251-115158723
251-115534212
251-911238683
251-115158667
5939
seifu.syngenta@ethionet.et
",,,,,
,"WEHIB CHEMICALS TRADING

251-112734783
251-911654204
251-911566424
wehibtrad21@gmail.com
wehibchem.trading@yahoo.com
",,,,,
,"WISE TEAM PLC

251-111564514
251-911607340
251-111564521
26335/1000
team.wise60@gmail.com
",,,,,
,"WORKU MAKONNEN AND BETHELEHEM WORKU

251-115514551
251-115506072
byswmp@ethionet.et
",,,,,
,"YOYO AGRICHEM TRADING

251-116629566
251-911516481
251-911628788
251-116629567
info@yoyochem.com
www.yoyochem.com
",,,,,
,FLOWER GROWERS,,,,,
,,,,,,
,"FLORA AGRICULTURAL

251-115523581
251-115512033
251-115523580
251-911502121
251-115512014
",,,,,
,"A.T.L. TRADING

251-114403424
251-911207963
251-114431848
123576
",,,,,
,"ABEBA GIDERY TRADING HOUSE

251-114420323
251-114427090
251-114401080
727512
abebapvt@ethionet.et
",,,,,
,"ABYSSININA FLOWER

251-116637777
251-116639559
251-930098533
",,,,,
,"ADDIS FLORACOM PLC.

251-113206412
251-113206413
addiflora@ethionet.et
",,,,,
,"AGRIFLORA PLC.

251-116607407
251-911486273/72
251-911776461
251-116607407
1927/1250
",,,,,
,"ALLIANCE FLOWERS PLC.

251-116526346
dyapav@rediffmail.com
",,,,,
,"AQ ROSES PLC

251-464414274/77
251-464414273
ethiopia@aqroser.com
",,,,,
,"BEAUTY GREEN PLC.

251-115544601/02
251-115544604
seidlert@ethionet.et
www.beautygreen.de
",,,,,
,"BIYO AGRICULTURAL DEVELOPMENT ENTERPRISE PLC.

251-116626821
251-116187575
251-116510511
251-911212936
251-113720037
251-116626820
15035
biyo.agr.eth@ethionet.et
",,,,,
,"BLEN FLOWERS PLC.

251-116627299
blenflowers@yahoo.com
",,,,,
,"BUKITO FLOWER FARM

251-114403424
251-911207963
251-114431848
",,,,,
,"CHANCHO FLOWERS PLC.

251-115508870
251-115508909
251-911221433
251-115510200
9438
dadiamosha@gmail.com
travelethiopia@ethionet.et
",,,,,
,"CONDOR FARMS PLC

251-935982466
haileseifu1@gmail.com
",,,,,
,"DEGAGO AGRO INDUSTRY PLC.

251-115540509
251-111555127
251-111555278
251-911200231
251-115540446
50800
dugdaagr@ethionet.et
",,,,,
,"DIRE HIGLAND FLOWER PLC.

251-115513525
251-115526310
251-115156888
dhf@ethionet.et
",,,,,
,"DIRE INDUSTIRIES PLC.

251-112756443
251-112754236
251-911201155
251-112752455
dire@ethionet.et
",,,,,
,"DUET ENTERPRISE

251-115533237
251-115534696/99
251-911200593
251-115534697
mekiya@ethionet.et
",,,,,
,"DUGDA AGRO INDUSTRY PLC.

251-114343316/17/18
251-111559999
251-911250571
251-115510446
50800
dugdaagr@ethionet.et
",,,,,
,"DUGDA FLORICULTURE DEVELOPMENT PLC

251-115540509
251-116555127
251-115540446
25628/1000
dugdaagr@ethionet.et
www.getas.com.et
",,,,,
,"DYR BUSINESS GROUP PLC.

251-116186203
251-116186096
170488
dry@ethionet.et
",,,,,
,"EDEN ROSE PLC.

251-116461443/45
251-111572130
251-116461446
edenroseplc@ethionet.et
",,,,,
,"ENYI ETHIO ROZE

251-113482167
251-113482000
",,,,,
,"ENYI GENERAL BUSINESS PLC.

251-111572731
251-113481912
251-111564574
251-113482000
11161
info@enyirealestate.com
www.eniyrealestate.com
",,,,,
,"ET HIGHLAND FLORA PLC

251-114660982
251-113726234
251-911677094
251-114660908
602
",,,,,
,"ETHIO AGRI-CEFT PLC

251-113690384
251-113690317
251-113690368
251-113690350
251-113690375
1006
info@ethioagriceft.com
www.ethioagriceft.com
",,,,,
,"ETHIO FALCON TRADING

251-111117722
251-111553621
22317
",,,,,
,"ETHIO PASSION AGRO PLC

251-111561572/73
251-111561547
1280
ethiopassion53@gmail.com
",,,,,
,"ETHIOPIA MAGICAL FARM PLC.

251-116614544
251-116624854
emf@ethionet.et
",,,,,
,"ETHIOPIAN MEADOWS PLC.

251-116632438
251-911170299
251-116183171
ethiomeadows@ethionet.et
",,,,,
,"EXPEREIANCE INCORPORATED PLC.

251-116614113
251-116624546
3487
expincor@ethionet.et
",,,,,
,"EXPRESS FLORICULTURE

251-115529522
",,,,,
,"EXPRINCE IN COMPRETED PLC.

251-116614113
251-116624546
expincor@ethionet.et
",,,,,
,"FINA BUSINESS CENTER

251-113720110
251-911204901
251-113720113
finawflower@ethionet.et
",,,,,
,"FIYORI ETHIOPIA PLC

251-116636292
251-116635480
",,,,,
,"FLOWERAMA PLC

251-115157924
251-115514928
40193
niattebebe@yahoo.com
",,,,,
,"FREESIA ETHIOPIA PLC.

251-115156259
251-118508870
251-911490231
freesia@ethionet.et
",,,,,
,"FRENDSHIP FLOWERS PLC.

251-118602293
251-118480077
251-911206423
251-911304967
info@freindship-flowers.com
info@friendship-flowers.com
www.freindship-flowers.com
",,,,,
,"GEMADRO COFFEE

251-116637781
251-116615608
1006
",,,,,
,"GOLDEN ROSE AGROFARMS PLC

251-118960065
251-911202330
251-911202309
251-115544653
19900
gomba@ethionet.et
",,,,,
,"GROENEVELD FLOWERS ETHIOPIA PLC.

251-464413763
251-464413767
",,,,,
,"HOLETA ROSES PLC.

251-114671791/92/93
251-911201230
251-114671794
holeroses@ethionet.et
",,,,,
,"HUSSEIN ALSAYLD AHMED GENERAL BUSINESS PLC

251-111558546
husseinaligbplc@gmail.com
",,,,,
,"J.J KOTHARI & CO. (ETH) LTD

251-114661155/12/15
251-911211024
251-911205520
251-114661122
171
j.jkothari@ethionet.et
",,,,,
,"LAFTO ROSES PLC

251-115541483/84/85
251-911505526
251-115541470
6312/150
laftoroses@ethionet.com
",,,,,
,"LINSSEN ROSES ETHIOPIA PLC.

251-113205668/69
251-911230624
251-113205669
linssenroseset@ethionet.et
www.linssenroses.com
",,,,,
,"MAM TRADING PLC.

251-114402080
251-114432010/11
info@mam-rose.com
www.mam-rose.com
",,,,,
,"MARANOVE PLANTS P.L.C

251-118301297
251-113725145
251-911490518
",,,,,
,"MARANQUE PLANTS PLC

251-221190750
251-118301297
251-221190276
14262
hr-assistant@maranqueplants.com
",,,,,
,"MAREJEN PARE ETHIOPIA P.L.C

251-113716232
",,,,,
,"MEKIYA ENTERPRISE PLC.

251-115539237
251-115534696/99
251-112759315/16
251-911200593
251-112759318
28912
makiya@ethionet.et
",,,,,
,"MENAGESHA FLOERS PLC.

251-115523580/81
251-115512033
251-911502121
251-115512014
11609
",,,,,
,"MINAYE PLC

251-113728667/68/69
251-113710627
minaye@ethionet.et
",,,,,
,"ODA FLOWERS P.L.C

251-111561572
",,,,,
,"OMEGA FARMS PLC.

251-114669273
251-116181223
",,,,,
,"RED FOX ETHIOPIA PLC.

251-115514966
251-115514956
muluken74@yahoo.com
",,,,,
,"ROMSADEIS PLC.

251-112139148
fiker1993@yahoo.com
",,,,,
,"ROSE ETHIOPIA PLC

251-116625404
251-116625416
roseethiopia@ethionet.et
",,,,,
,"SARON ROSE AGRO FARM PLC.

251-113382718/20
251-114666656
251-116625551/53
251-911201565
251-116625552
saronrose@ethionet.et
",,,,,
,"SELAM FLOWER PLC.

251-115502989
251-115502996
selamfwr@ethionet.et
",,,,,
,"SHARE ETHIOPIA

251-911618553
",,,,,
,"SHEBA FLOWER PLC.

251-116530398
251-116183229
office@shebaflowers.net.et
",,,,,
,"SIET AGRO PLC.

251-115533684
251-115511835
251-113718190
251-115533685
251-113728190
21422
sietagro@ethionet.et
",,,,,
,"SPIRIT P.L.C

251-113715479
251-115521210
251-112756442
251-911669220
251-911507225
2503
spirit@ethionet.et
",,,,,
,"SUMMIT AGRO INDUSTRY PLC.

251-116604874
251-116604872
251-911203189
251-116604862
",,,,,
,"SUNRISE FLOWERS

251-116187095
251-116187093
",,,,,
,"SUPRA FLORITECH PLC.

251-116628700
251-116628700
suprafloritechplc@yahoo.com
",,,,,
,"TADAM TRADE ORGANIZATION PLC.

251-115513380
251-115515094
3424
tadam@ethionet.et
",,,,,
,"TAL FLOWERS P.L.C

251-116517394
",,,,,
,"TINAW BUSINESS S.C

251-113720110/11
251-113720113
18582
tinawflower@ethionet.et
tinawflower@gmail.com
www.tinawflower.com
",,,,,
,"WAJAG TRADING ETHIOPIA PLC.

251-11663166364
251-116631963
14984
wajag@ethionet.et
",,,,,
,"YEWONDWESSEN BELETE ABEBEB

251-114670957
251-111236724
251-911878921
6401
",,,,,
,"ZK FLOWER PLC.

251-116610798
251-911537974
41149
zkflowers@gmail.com
",,,,,
,FORESTRY DEVELOPMENT,,,,,
,,,,,,
,"ALAGE FOREST DEVELOPMENT & UTILIZATION PLC.

251-344402068
251-344403042
tigrayforest@ethionet.et
",,,,,
,"ETHIOPIAN COFFEE FOREST FORUM

251-115151694
251-115151684
28513
twgole@ethionet.et
www.ecff.org.et
",,,,,
,FRUITS AND VEGETABLES,,,,,
,,,,,,
,"THEDAY AGRO INDUSTRY PLC

251116626795
251931086326/36
251993821863
sales@thedayjam.com
www.thedayjam.com
",,,,,
,"A/Z TRADING & SERVICES PLC.

251-1155518047
251-115517774
",,,,,
,"ABDULJELIL MOHAMMED OMAR TRADING

251-111110388
251-911730635
251-911400831
23940
",,,,,
,"AFRICA JUICE TIBILA SHARE COMAPANY

251-118402029
251-911410762
251-911490769
info@africajuice.com
www.africajuice.com
",,,,,
,"AJAMU AGRICULTURAL MATERIALS

251-111110388
",,,,,
,"AKIRMA AGRISERVICES

251-116620238
251-910848372
251-912409678
945
akimaagriservices@gmail.com
www.akirmaagriservices.com
",,,,,
,"ALEMYE AGRICULTURAL INVESTMENT P.L.C

251-936010363
",,,,,
,"ALMETA IMPEX PLC.

251-115534222/24
251-115513677
251-115534700
251-115534100/53
251-115513677
251-115515552
almeta@ethionet.et
carane@ethionet.et
www.almetaimpex.com
",,,,,
,"AMARD INDUSTRY PLC.

251-112754395
251-911433049
amred@ethionet.et
",,,,,
,"AMSTEL FAST FOOD & VEGETABEL MANUFACTURING PLC

251-116601992
251-115544668
34358
danturaco@yahoo.com
www.ethioamstel.com
",,,,,
,"BIS VEGTABLES & FRUITS AGRO INDUSTRY S.C

251-118102124
251-118693638
251-911518790
251-911518384
251-118704545
388
bisvegfruts@gmail.com
www.bis.et.or
",,,,,
,"COFFEE PLANTATION DEVELOPMENT ENTERPRISE

251-114670688
251-114663363/64
251-114168788
251-114168137
251-114160179
4363
coffeepl@ethionet.et
",,,,,
,"ETHIO AGRI-CEFT PLC

251-113690317/68/84
251-113690350
251-113690375
1006
info@ethioagriceft.com
www.ethioagriceft.com
",,,,,
,"ETHIOF FALCON TRADING

251-111117722
251-911204217
251-111553621
22317
efat@ethionet.et
",,,,,
,"ETHIOPIAN FRUIT & VEGETABLE MARKETING S C (ETFRUIT)

251-114163665
251-114164288
251-114163631
2374
etfruit2004@yahoo.com
",,,,,
,"ETHIOPIAN SEED ENTERPRISE

251-116612266
251-116625298
251-116630893
251-116613388
251-116611326
2453
ese@ethionet.et
",,,,,
,"GALLOB REAL ESTATE DEVELOPMENT

251-912151260
adclaymax@yahoo.com
",,,,,
,"GEMADRO COFFEE

251-116637781
251-116615608
",,,,,
,"GIMP GENERAL TRADING

251-116600265
251-116600266
getaho@ethionet.et
",,,,,
,"GOJEB AGRICULTURAL DEVELOPMENT

251-471129869
",,,,,
,"HARVEST GENERAL TRADING

251-111266534
251-911201292
10223
harvestgenratrading@gmail.com
",,,,,
,"HAWASSA GREEN WOOD PLC.

251-115528900
251-115545772
251-115528808
251-462203015
Hawassagreenword@ethionet.et
www.Hawassagreenwodplc.com
",,,,,
,"HORIZON PLANTATIONS PLC

251-113698029
251-113698100
6049
info@horizonplantione.com
www.horizonplantione.com
",,,,,
,"ICON GROUP

251-115505292
251-115505219
info@icongroups.com
www.icongroups.com
",,,,,
,"JHON EAT FRUIT

251-344405912
",,,,,
,"JITTU HORTICULTURE PLC

251-113727791/92
251-113716165
976/1110
info@jittuhorticulture.com
www.jittuhorticulture.com
",,,,,
,"K VEGETABLE AND FRUITES PLC

251-115515179
251-115503436
251-115515145
885
kvf@ethionet.et
",,,,,
,"MENBE FRUIT AND VEGETABLE

251-256662926
",,,,,
,"NUREDIN HASSEN KENFELA

251-115547316/17
251-911221155
251-115547318
rahanufa@yahoo.com
",,,,,
,"RAYA FRESH PRODUCE P.L.C

251-116632283
",,,,,
,"RED SPECKLED ETHIOPIA TRADING ENTERPRISE

251-114663107
251-114661134
",,,,,
,"SAS PROMOTION PLC.

251-114167505
251-115529353
",,,,,
,"SEGEL GENERAL TRADING PLC.

251-111571660/61
251-111571866
251-911204373
251-111571692
29404
segalcamp@ethionet.et
",,,,,
,"SPARK AGRICULTURAL & TRADE PLC.

251-115531720
251-112779597
",,,,,
,"TEPPO AGRICULTURAL & TRADE PLC.

251-115515179
251-115503436
251-911230732
251-115515145
885
teppo@ethionet.et
",,,,,
,"TERRA PLC.

251-114654321
251-911227753
251-111550759
30109
terraplc@ethionet.et
",,,,,
,"UPPER AWASH AGRO INDUSTRY ENTERPRISE

251-114423000
251-221122688
251-221122703
",,,,,
,"WAJAG TRADING ETHIOPIAN

251-116631363
251-116-681363
wajah@ethionet.et
",,,,,
,"ZELEKE AGRICULTURAL MECHANIZATION (Bahir Dar)

251-582220880
251-582204551
1199BahirDar
",,,,,
,"ZELEKE AGRICULTURAL MECHANIZATION (Kobo)

251-333341115
251-333341115
",,,,,
,HORTICULTURE PRODUCT,,,,,
,,,,,,
,"ACME ENGINEERING AND TRADING PLC

251-116639615
251-911522598
251-911456345
251-116637778
1453
info@acme-et.com
www.acme-et.com
",,,,,
,"BRAZE-MART-INTERNATIONAL GENERAL TRADING P.L.C

251-115526011/12
251-911522702
251-911516201
251-115547071
251-115526012
34122
telaye_gt@yahoo.com
www.brazafric.com
",,,,,
,"YOYO AGRICHEM TRADING

251-116629566
251-911516481
251-911628788
251-116629567
info@yoyochem.com
www.yoyochem.com
",,,,,
,HONEY,,,,,
,,,,,,
,"DIAMOND ENTERPRISE PLC

251116292614
251930014502
251911414037
1082/1110
dehabcf@gmail.com
www.dehabcoffee.com
",,,,,
,"AFEWORK INTERNATIONAL GROUP PLC.

251-116624906/07
251-115511091
251-115512105
251-116624922
251-115512092
101531
afewerk@ethionet.et
www.afeworkinternational.com
",,,,,
,"ALEM HONEY PROCESSING INDUSTRY

251-114424323
251-114421574
alemhoney@ethionet.et
",,,,,
,"BEZA MAR AGRO INDUSTY

251-115505099
251-115520366
251-911201686
251-115515352
42787
bezamar@ethionet.et
beza-mar@yahoo.com
",,,,,
,"COFFEE PLANTATION DEVELOPMENT ENTERPRISE

251-114670688
251-114663363/64
251-114168788
251-114168137
251-114160179
4363
coffeepl@ethionet.et
",,,,,
,"DARMAN FORAGE PRODUCTION AND LIVESTOCK TRADING

251-116618730
251-911406176
251-116620051
arimex2002@hotmail.com
",,,,,
,"DIMMA BEE KEEPING PLC.

251-344402608
251-114404188
dimma@ethionet.et
",,,,,
,"HAILE HONEY

251-929940006
251-116625981
hailealem@ethionet.et
www.hailealem.com
",,,,,
,"SHEKANORDIC HONEY AND BEES WAX DEV.IND.

251-478580010
251-912649620
251-984706137
4795088373
20956/1000
sheka.nordic@gmail.com
binyambulcha@yahoo.com
",,,,,
,"TUTU AND HER FAMILY COMMERCIAL PLC.

251-116457180
251-911202437
251-116457591
251-115531763
781/1250
tutu.honey@yahoo.com
",,,,,
,"WELASHA TRADING PLC

251-911211089
251-929439233
info@buno-mc.com
Belay_welasha@yahoo.com
www.buno-mc.com
www.coffeewelasha.com
",,,,,
,"YIRGU FOOD PACKER

251-112135231
251-911222177
251-112755044
26158/1000
yirgu_go@ethionet.et
",,,,,
,IRRIGATION MATERIAL SUPPLIERS,,,,,
,,,,,,
,"ACME ENGINEERING & TRADING PLC

251-116639615
251-911522598
251-911456345
251-116637778
info@acme-et.com
www.acme-et.com
",,,,,
,"ADEB ENGINEERING AND TRADING PLC

251-114717500
251-114404578
251-114717602
251-114717600
adebeng@ethionet.et
www.adebengineering.com
",,,,,
,"ASTUNET BUSINESS ENTERPRISES

251-116627961/67
251-911203372
251-911226688
251-116627965
info@astunet.com
www.astunet.com
",,,,,
,"BRUH TESFA IRIGATION AND WATER TECHNOLOGY PLC

251-344400452/53
251-344400467/03
251-342414143
251-344424141/4243
bruhtesfab@yahoo.com
www.bruhtesfa.com
",,,,,
,"BRUH TESFA IRIGATION AND WATER TECHNOLOGY PLC

251-115502990
251-115157660
www.bruhtesfa.com
",,,,,
,"GEDEB ENGINEERING PLC (GEP)

251-114664261
251-911207218
251-114167939
ukieew@gmail.com
",,,,,
,"NEW HARMONY PLC.

251-116638858
251-116620708
251-911219747
251-911607760
251-911522636
251-116639606
newharmony@ethionet.et
",,,,,
,"POLY INDUSTRIAL INVESTMENT GROUP PLC

251-113718127/28
251-911618425
251-911529446
robelhwnb@gmail.com
",,,,,
,"REFARM PLC.

251-116181688
251-913926679
251-914706171
251-116181685
170622
refarm@ethionet.et
www.refarm.com
",,,,,
,"RINNAH THERMAL COMFORT PLC

251-114168600/01
251-911200894
251-114662505
info@rinnah.net
www.rinnah.net
",,,,,
,LIVE ANIMAL AND CATTLE,,,,,
,,,,,,
,"AGRI SERVICE ETHIOPIA

251-114655515
251-114651212
251-114654088
ase@ethionet.et
www.agriserviceethiopia.org
",,,,,
,"ALPPIS LIVESTOCK DEVELOPMENT

251-114667599
251-933037313
251-911442671
alppisethiopia@yahoo.com
emiruz@yahoo.com
",,,,,
,"BIS VEGTABLES & FRUITS AGRO INDUSTRY S.C

251-118102124
251-118693638
251-911518790
251-911518384
251-118704545
388
bisvegfruts@gmail.com
www.bis.et.org
",,,,,
,"CHEFO AGRICULTURE DEVELOPMENT PLC.

251-911225864
chefoagriculture@yahoo.com
",,,,,
,"DARMAN FORAGE PRODUCTION AND LIVESTOCK TRADING

251-116618730
251-911406176
251-116620051
arimex2002@hotmail.com
",,,,,
,"DINSHO AGRO INDUSTRY PLC.

251-115153470
251-115534218
",,,,,
,"DOCHBEN CONSTRUCTION MACHINERY RENTAL AND LOGISTICS

251-911224524
251-911504445
211-9544729122JUBA,S.S
",,,,,
,"PIONEER AGRO INDUSTRY PLC.

251-118608524/26
251-116613778
",,,,,
,"SINTAYEHU MULATU AYELE LIVESTOCK EXPORTER

251-221122004
251-911622178
251-911491828
251-221122004
sintayehumulatu0@gmail.com
",,,,,
,PESTICIDE,,,,,
,"ABSSINIA PEST CONTROL PLC

251-111111279
251-111111259
11127
danytad2005@yahoo.com
",,,,,
,"ADAMI TULU PESTICIDES PROCESSING SHARE COMPANY

251-116624656
251-116633298
251-116611311
251-116611764
1206
appsc@ethionet.et
",,,,,
,"BIOTECH PVT.LTD.CO

251-911223892
251-911885596
101601/1000
biotech_maru@biotechet.com
info@biotechet.com
www.biotechethiopia.com
",,,,,
,"BIOVET IMPORTS

251-118547388
251-911114087
contact.biovet@gmail.com
",,,,,
,"CHEMTEX PLC

251-115532033
251-115519557
251-115534380/81
251-911201600
251-115517453
8662
chemtex@ethionet.et
www.chemtexplc.com
",,,,,
,"ETHIO AGRI-CEFT PLC

251-113690317/84/68
251-113690350
251-113690375
1006
info@ethioagriceft.com
www.ethioagriceft.com
",,,,,
,"ETHIO PEST CONTROL PLC.

251-115510555
251-115510021
251-115513247
ethiopestcontrol@gmail.com
",,,,,
,"GREENLIFE TRADING PLC

251-116183087/88
251-116613573
251-116624655
axum@ethionet.et
",,,,,
,"ISSACHOR AGRO INPUT IMPORTER AND DISTRIBUTOR PLC

251-115506179
251-115506118
890
issachor2004@yahoo.com
",,,,,
,"ISSACHOR AGRO INPUT IMPORTER AND DISTRIBUTOR PLC

251-115506179
251-115506118
890
issachor2004@yahoo.com
",,,,,
,POULTRY EGG,,,,,
,,,,,,
,"DA IMPORT

251-911110658
251-936626262
251-911922360
251-924116595
daimporter@gmail.com
www.daimporter.com
",,,,,
,"ELFORA AGRO INDUSTRIES PLC.

251-116450361
251-116450511
2500
elfora@ethionet.et
www.midroc-ethiotechgroup.com
",,,,,
,"FESEHA LEMA WELDE GEBRIL

251-911203783
",,,,,
,"FRIENDSHIP AGRO INDUSTRY

251-118952293/94/95/96
251-911305835
251-911795169
30836
frebdshipagro@yahoo.com
",,,,,
,"PIONEER AGRO INDUSTRY PLC.

251-118608524/26
251-116613778
",,,,,
,"RAHALAT FARM

251-118101549
251-911731559
251-911947496
33978
rohobotfarme@yahoo.com
",,,,,
,PULSES AND CEREALS,,,,,
,,,,,,
,"ALMAW BEKALU IMPORT &EXPORT

251111263135
251911224693
251939105132
251111112234
almawexport@gmail.com
Alemaw2246@yahoo.com
www.alemawimportexport.com
",,,,,
,"HAVA INDUSTRIAL PLC

251115578687
251911200621
contact@havaindustrial.com
www.havaindustrial.com
",,,,,
,"WAGWAGO ELECTRIC

251114701546
251911247219
251903000055
251114701726
wagwagotrading@gmail.com
www.wag-wago.com
",,,,,
,"AFEWORK INTERNATIONAL GROUP PLC.

251-116624906/07
251-115511091
251-115512105
251-116624922
251-115512092
afewerk@ethionet.et
www.afeworkinternational.com
",,,,,
,"AGMAS AGRICULTURAL INVESTMENT

251-930338948
251-113693109
24517
sales@agmasagri.com
www.agmas.net
",,,,,
,"AGMAS BUSINESS GROUP

251-118965950
251-118965252
251-111560056
251-111138090
sales@agmas.net
info@agmasmedical.com
www.agmas.net
",,,,,
,"AL-SENEDI PLC

251-112770080/81
251-112770079
9645
info@alsenedi.com
alsenediplc@gmail.com
www.alsenedi.com
",,,,,
,"AKIRMA AGRISERVICES

251-116620238
2519108483722
251-912409678
945
akimaagriservices@gmail.com
www.akirmaagriservices.com
",,,,,
,"AMEX STAR AGRICULTURAL PRODUCTION EXPORTER

251-911947971
amexstar19@gmail.com
",,,,,
,"ARSI AGRICULTURAL DEVELOPMENT ENTERPRISE

251-223311261
251-223311208
115Assella
arsiagri@ethionet.et
www.arsiagri-enterprise.gov.et
",,,,,
,"BALE AGRICULTURAL DEVELOPMENT ENTERPRISE

251-111253253
251-115158141
251-226650061
251-226650647
251-115522434
baleagri@ethionet.et
",,,,,
,"BIYO AGRICULTURAL DEVELOPMENT ENTERPRISE PLC.

251-116626821
251-11-6187575
251-116510511
251-911212936
251-113720037
251-116626820
15035
biyo.agr.eth@ethionet.et
",,,,,
,"COFFEE PLANTATION DEVELOPMENT ENTERPRISE

251-114670688
251-114663363/64
251-114168788
251-114168137
251-114160179
4363
coffeepl@ethionet.et
",,,,,
,"COMA IMPORT AND EXPORT PLC

251-111266085
251-911516657
251-935999130/31
251-111266097
1970
getishabiye@gmail.com
comaexport@gmail.com
",,,,,
,"ETHIO-AGRI CEFT PLC

251-116615608
251-916615573
251-916637782
251-116637782
251-116615573
ethioagriceft@ethionet.et
",,,,,
,"ETHIOPIAN GRAIN TRADE ENTERPRISE

251-114653166
251-114652436
251-910106061
251-114655428
3321
egte@ethionet.et
www.egtemiS.com
",,,,,
,"ETHIOPIAN LAND CROPS DIVERSITY

251-116623504
251-116623545
251-116623556
epospe.association@ethionet.et
www.epospea.org
",,,,,
,"ETHIOPIAN SEED ENTERPRISE

251-116612266
251-116625298
251-116630893
251-116613388
251-116611326
ese@ethionet.et
",,,,,
,"FMS TRADING PLC

251-114713214
251-930414243
251-903060708
251-114713524
81/1060
fmstradingplc@gmail.com
www.fmstradingplc.com
",,,,,
,"GETAHUN MELESE IMPORT EXORT & WHOLESALER

251-116676340/41
251903181884
251-930582105
251-922600261
251-116676282
1085
info@getahunmeleseimportexport.com
getahunmelese610@gmail.com
www.getahunmeleseimportexport.com
",,,,,
,"GRAM IMPORT EXPORT & COMMISSION AGENT

251-115533514
251-91201593
251-115511073
13387
marg@ethionet.et
",,,,,
,"HAWAS AGRI BUSINESS PLC.

251-114431597
251-116510141
251-116632026
251-911247414
251-911214145
251-114431594
251-111233215
5723
awas_agri@ethionet.et
",,,,,
,"MECHATU TRADING S.C

251-115577161
251-118279825
251-911514656
251-930412441
251-115577173
mechatutradings.c@yahoo.com
www.mechatu.com
",,,,,
,,,,,,
,"MEKIYA ENTERPRISE PLC.

251-115539237
251-115534696
251-112759315
251-911200593
251-112759318
makiya@ethionet.et
",,,,,
,"MOHAMMED AWEL AGRICULTURAL ENTERPRISE

251-911205172
251-112777566
jafermohammed32@yahoo.com
",,,,,
,"TACFARM AGRO PROCESSING AND EXPORT PLC

4044688487
251-922452453
251-911762888
251-938991867
Atlanta,GA31119
aden@tacfarm.com
www.tacfarm.com
",,,,,
,"SUN LIGHT MOON TRADING PLC

251-116676340
251-116676341
251-903181884
251-930582105
251-922600261
251-116676282
1082
info@sunlightmoontrading.com
sunlightmoontrading@gmail.com
www.sunlightmoontrading.com
",,,,,
,"TAMRIN /Export/

251-114431444
251-114431130
251-929167500/01
251-114431028
121225
tamrinint@gmail.com
info@tamrin.et
www.tamrin.et
",,,,,
,RESEARCH CONSULTANCY,,,,,
,,,,,,
,"MILKY CONSULTING PLC

251118298121
251911251011
251911251012
milkicinsult@gmail.com
",,,,,
,"AGRIPOL INTERNATIONAL CONSULTANCY & TRANING PLC

251-910903952
agripolinternational@gmail.com
",,,,,
,"BRUH TESFA IRIGATION AND WATER TECHNOLOGY PLC

251-344400452/53
251-344400467/03
251-342414143
251-344424141/4243
bruhtesfab@yahoo.com
www.bruhtesfa.com
",,,,,
,"BRUH TESFA IRIGATION AND WATER TECHNOLOGY PLC

251-115502990
251-115157660
www.bruhtesfa.com
",,,,,
,"ETHIOPIAN INSTITUTE OF AGRICULTURAL RESEARCH (EIAR)

251-116460380
251-116462270
251-116461294
www.eiar.gov.et
",,,,,
,"J.P.MUKHERJI AND ASSOCIATES PRIVATE LIMITED PUNE INDIA

91-20-25397303
91-20-25399287
info@jpma.org.in
www.jpma.org.in
",,,,,
,"SEMIT ETHIOPIA

251-116462326
251-116461252
",,,,,
,SEED SUPPLIERS,,,,,
,,,,,,
,"HAVA INDUSTRIAL PLC

251115578687
251911200621
contact@havaindustrial.com
www.havaindustrial.com
",,,,,
,"AKIRMA AGRISERVICES

251-116620238
251-910848372
251-912409678
945
akirmaagriservices@gmail.com
www.akirmaagriservices.com
",,,,,
,"ARSI AGRICULTURAL DEVELOPMENT ENTERPRISE

251-223311261
251-223311208
115Assella
arsiagri@ethionet.et
www.arsiagri-enterprise.gov.et
",,,,,
,"BARGUBA TRADING PLC.

251-114450023/24/29/30
251-114450236/80
barguba@ethionet.et
",,,,,
,"AUTHORITY FOR RESEARCH AND CONSERVATION OF CULTURAL HERITAGE

251-111540033/57
13247
crcch@ethionet.et
arcchpr@gmail.com
www.arcch.gov.et
",,,,,
,"BIYO AGRICULTURAL DEVELOPMENT ENTERPRISE PLC.

251-116626821
251-116187575
251-116510511
251-911212936
251-113720037
251-116626820
15035
biyo.agr.eth@ethionet.et
",,,,,
,"ETHIO FALCON TRADING

251-111117722
251-111553621
22317
",,,,,
,"ETHIO ORGANIC SEED ACTION (EOSA)

251-115502288
",,,,,
,"ETHIOPIAN AGRICULTURAL BUSINESSES CORPORATION

251-114422679
251-114424177/84
251-114421312
6898
ethagribus.gov.et
ethioagriboscom@gmail.com
www.ethioagribosco.com
",,,,,
,"ETHIOPIAN INSTITUTE OF AGRICULTURAL RESEARCH (EIAR)

251-116460380
251-116462270
251-116454452
251-116461294
251-116457412
2003
www.eiar.gov.et
",,,,,
,"ETHIOPIAN SEED ENTERPRISE

251-116612266
251-116625298
251-116630893
251-116613388
251-116611326
ese@ethionet.et
",,,,,
,"GENERAL CHEMICALS AND TRADING PLC.

251-115522784/85/87/88
251-911201107
251-115514979
5620
gct@ethionet.et
",,,,,
,"GEWANE AGRICULTURAL DEVELOPMENT PLC.

251-115524897
251-115524594
gewaneag@ethionet.et
",,,,,
,"HARVEST GENERAL TRADING

251-111266534
251-911201292
harvestgenratrading@gmail.com
",,,,,
,"JACOB’S SEED DEVELOPMENT AND SERVICE PLC

251-911760638
21215/1000
jmfroment@hotmail.com
",,,,,
,"LIONS INTERNATIONAL TRADING PLC

251-116639244/45
251-116639240
251-116609081
101302
lit@ethionet.et
www.lionsethiopia.com
",,,,,
,"MARKOS PLC

251-111273312/19
251-111268085
251-934497908/11/15/16
251-111273318
50964
destad@markosplc.net
",,,,,
,"MOHAMMED AWEL AGRICULTURAL ENTERPRISE

251-911205172
251-112777566
23012
jafermohammed32@yahoo.com
",,,,,
,"OMO VALLEY AGRO INDUSTRY PLC.

251-114407524
251-114407523
251-114400175
2468/1250
amibara@ethionet.et
www.amibara.com
",,,,,
,"PIONEER HI BRED PLC

251-115510725
251-115504878
251-912062314
251-115510155
1134
",,,,,
,"RANG ENGINEERING PLC

251-115547160
251-115546247
251-911514093
251-911756840
251-115546237
688
info@rangenginering.com
www.rangenginering.com
",,,,,
,"TEPPO AGRICULTURAL AND TRADE PLC.

251-115515179
251-115503436
251-911230732
251-115515145
teppo@ethionet.et
",,,,,
,"TRIUMPH BUSINESS PLC.

251-911215030
251-911672179
info@triumph-et.com
www.triumph-et.com
",,,,,
,SPICES,,,,,
,,,,,,
,"ABAC TRADING PLC

251118549399
251911239693
251939105132
abac12trading@gmail.com
www.abactrading.com
",,,,,
,"ALMAW BEKALU IMPORT &EXPORT

251111263135
251911224693
251939105132
251111112234
almawexport@gmail.com
Alemaw2246@yahoo.com
www.alemawimportexport.com
",,,,,
,"DEJEN G/MESKEL IMPORT & EXPORT

251-118658144
251-911385471
251-912675148
251-116457308
dejubusiness2016@gmail.com
info@dejenexport.com
www.dejenexport.com
",,,,,
,"FASIKA SPICE AND BALTENA

251911611090
251972597041
samuelhabte123@yahoo.com
www.fasicaspiceandbaltina.com
",,,,,
,"AL-SENEDI PLC

251-112770080/81
251-112770079
9645
info@alsenedi.com
alsenediplc@gmail.com
www.alsenedi.com
",,,,,
,"AMEX STAR AGRICULTURAL PRODUCTION EXPORTER

251-911947971
amexstar19@gmail.com
",,,,,
,"COFFEE PLANTATION DEVELOPMENT ENTERPRISE

251-114670688
251-114663363/64
251-114168788
251-114168137
251-114160179
coffeepl@ethionet.et
",,,,,
,"ETHIO AGRI-CEFT PLC

251-113690317/68/84
251-113690350/75
info@ethioagriceft.com
www.ethioagriceft.com
",,,,,
,"ETHIOPIAN SPICE EXTRACTION FACTORY

251-114428000
251114425398
251-114421829
251-115423633
",,,,,
,"GETAHUN MELESE IMPORT EXORT & WHOLESALER

251-116676340/41
251903181884
251-930582105
251-922600261
251-116676282
1085
info@getahunmeleseimportexport.com
getahunmelese610@gmail.com
www.getahunmeleseimportexport.com
",,,,,
,"SUN LIGHT MOON TRADING PLC

251-116676340/41
251-903181884
251-930582105
251-922600261
251-116676282
1082
info@sunlightmoontrading.com
sunlightmoontrading@gmail.com
www.sunlightmoontrading.com
",,,,,
,"TACFARM AGRO PROCESSING AND EXPORT PLC

4044688487
251-922452453
251-911762888
251-938991867
191021,Atlanta,GA31119
aden@tacfarm.com
daniel@tacfarm.com
info@tacfarm.com
www.tacfarm.com
",,,,,
,TEA,,,,,
,,,,,,
,"ALMETA IMPEX PLC.

251-115534222/24
251-115513677
251-115534700
251-115534153/00
251-115513677
251-115515552
almeta@ethionet.et
carane@ethionet.et
www.almetaimpex.com
",,,,,
,"EAST AFRICAN AGRI-BUSINESS PLC

251-114303171/73/75
251-114303174
6267
www.eastafricanholding.com
",,,,,
,"ETHIO AGRI-CEFT

251-113690308/79/84
251-113690350/75
1006
ethioagriceft@ethionet.et
www.ethioagriceft.com
",,,,,
,"MOAB PLC.

251-114423239
251-911207427
251-115517137
9523
moabplc@yahoo.com
",,,,,
